{
	"-3_5": {
		"definition": "stamina+8%",
		"x": -110.85125168440814,
		"y": 192,
		"root": false
	},
	"-2_9": {
		"definition": "melee_damage+12%",
		"x": -36.95041722813605,
		"y": 320,
		"root": false
	},
	"-1_6": {
		"definition": "melee_damage+12%",
		"x": -73.9008344562721,
		"y": 256,
		"root": false
	},
	"-1_11": {
		"definition": "melee_damage+12%",
		"x": -73.9008344562721,
		"y": 384,
		"root": false
	},
	"0_2": {
		"definition": "movement_speed+6%",
		"x": 0,
		"y": 128,
		"root": true
	},
	"2_9": {
		"definition": "ranged_damage+12%",
		"x": 36.95041722813605,
		"y": 320,
		"root": false
	},
	"3_5": {
		"definition": "ranged_damage+12%",
		"x": 110.85125168440814,
		"y": 192,
		"root": false
	},
	"91qyefy72y6yu3cu": {
		"definition": "ranged_damage+12%",
		"x": 110.85125168440814,
		"y": 64,
		"root": true
	},
	"u5mga56blacu4hff": {
		"definition": "arcane+12%",
		"x": 0,
		"y": -128,
		"root": true
	},
	"b6z9kynnq2fqwzfw": {
		"definition": "frost+12%",
		"x": 36.95041722813605,
		"y": -192,
		"root": false
	},
	"ovp6eie1s7mjr0cd": {
		"definition": "stamina+8%",
		"x": -221.70250336881628,
		"y": 128,
		"root": false
	},
	"40ov5q20nkon9ew4": {
		"definition": "health+10%",
		"x": -110.85125168440814,
		"y": 64,
		"root": true
	},
	"mzidswrcjro4llav": {
		"definition": "health+10%",
		"x": -221.70250336881628,
		"y": 0,
		"root": false
	},
	"af8y5dq392hiw6dr": {
		"definition": "health+10%",
		"x": -184.75208614068023,
		"y": 64,
		"root": false
	},
	"10f1awhjy2wm2czm": {
		"definition": "fire+12%",
		"x": -110.85125168440814,
		"y": -64,
		"root": true
	},
	"o7wjo00jb0ak4b30": {
		"definition": "fire+12%",
		"x": -110.85125168440814,
		"y": -192,
		"root": false
	},
	"gln06rjkmte4wo99": {
		"definition": "stamina+8%",
		"x": 221.70250336881628,
		"y": 0,
		"root": false
	},
	"t9dbbm8fbcyjhh39": {
		"definition": "frost+12%",
		"x": 184.75208614068023,
		"y": -192,
		"root": false
	},
	"9yid0da3ea9eou2v": {
		"definition": "stamina+8%",
		"x": 221.70250336881628,
		"y": -128,
		"root": false
	},
	"f916ae264jtd8fay": {
		"definition": "health+10%",
		"x": -369.50417228136047,
		"y": -128,
		"root": false
	},
	"sc7jp6kw6bgg3bo3": {
		"definition": "health+10%",
		"x": -406.4545895094965,
		"y": -192,
		"root": false
	},
	"691qbfijzbzjzsg1": {
		"definition": "health+10%",
		"x": -369.50417228136047,
		"y": -256,
		"root": false
	},
	"5ssexjqeb216d6xm": {
		"definition": "fire+12%",
		"x": -221.70250336881628,
		"y": -256,
		"root": false
	},
	"r5wzchnuwwafqkmi": {
		"definition": "frost+12%",
		"x": 221.70250336881628,
		"y": -256,
		"root": false
	},
	"rrl8h3x0agveqjnh": {
		"definition": "stamina+8%",
		"x": 369.5041722813604,
		"y": -256,
		"root": false
	},
	"jz1pm1sazuhio8qn": {
		"definition": "stamina+8%",
		"x": 406.4545895094965,
		"y": -192,
		"root": false
	},
	"tnnp4unt9ukx1un8": {
		"definition": "stamina+8%",
		"x": 369.50417228136047,
		"y": -128,
		"root": false
	},
	"82oer9vtu02u9opq": {
		"definition": "health+10%",
		"x": -184.75208614068023,
		"y": -64,
		"root": false
	},
	"32vn32dhihlvtya1": {
		"definition": "stamina+8%",
		"x": -73.9008344562721,
		"y": 128,
		"root": false
	},
	"7e97zl85o64bytxw": {
		"definition": "stamina+8%",
		"x": -184.75208614068023,
		"y": 192,
		"root": false
	},
	"x5mohx4wax17yf44": {
		"definition": "arcane+12%",
		"x": -147.8016689125442,
		"y": -384,
		"root": false
	},
	"wr39ivrcn0gsxfrn": {
		"definition": "arcane+12%",
		"x": -73.9008344562721,
		"y": -384,
		"root": false
	},
	"2gipd2lmnhx8kffu": {
		"definition": "arcane+12%",
		"x": -36.95041722813605,
		"y": -320,
		"root": false
	},
	"6r3rz4lff6o6mm6m": {
		"definition": "stamina+8%",
		"x": -221.70250336881628,
		"y": 256,
		"root": false
	},
	"msez4eelgqr9ijjb": {
		"definition": "stamina+8%",
		"x": -258.6529205969523,
		"y": 320,
		"root": false
	},
	"ts1lzru5x94gd864": {
		"definition": "stamina+8%",
		"x": -332.55375505322434,
		"y": 320,
		"root": false
	},
	"ey5dsj6mc6n2yw0x": {
		"definition": "stamina+8%",
		"x": -369.5041722813604,
		"y": 256,
		"root": false
	},
	"k21h6lpk2oeb30af": {
		"definition": "stamina+8%",
		"x": -406.4545895094965,
		"y": 192,
		"root": false
	},
	"u7wc1g88umxp13ku": {
		"definition": "stamina+8%",
		"x": -369.50417228136047,
		"y": 128,
		"root": false
	},
	"zfvcw7spx2uzcyrt": {
		"definition": "stamina+8%",
		"x": -295.6033378250884,
		"y": 128,
		"root": false
	},
	"jadxnobv21lhfx11": {
		"definition": "melee_damage+12%",
		"x": -221.70250336881628,
		"y": 384,
		"root": false
	},
	"o5laa96ahmsfaqb5": {
		"definition": "melee_damage+12%",
		"x": -147.8016689125442,
		"y": 384,
		"root": false
	},
	"9lgv6pqno5j0321c": {
		"definition": "stamina+8%",
		"x": 184.75208614068023,
		"y": 64,
		"root": false
	},
	"x9lr151xvum2d146": {
		"definition": "ranged_damage+12%",
		"x": 73.9008344562721,
		"y": 128,
		"root": false
	},
	"horr41st9d3m26po": {
		"definition": "health+10%",
		"x": 184.75208614068023,
		"y": 192,
		"root": false
	},
	"tv4xkg11syvzchn0": {
		"definition": "health+10%",
		"x": 221.70250336881628,
		"y": 128,
		"root": false
	},
	"w4ama3kg163x6dkc": {
		"definition": "arcane+12%",
		"x": 36.95041722813605,
		"y": -320,
		"root": false
	},
	"8qn58h7cnnffh49l": {
		"definition": "arcane+12%",
		"x": 73.9008344562721,
		"y": -384,
		"root": false
	},
	"4u2jdzoaqdrwr4we": {
		"definition": "arcane+12%",
		"x": 147.8016689125442,
		"y": -384,
		"root": false
	},
	"77l9egcr8hb087h3": {
		"definition": "health+10%",
		"x": 295.6033378250884,
		"y": 128,
		"root": false
	},
	"j5c3vdao4nimwxtl": {
		"definition": "health+10%",
		"x": 369.50417228136047,
		"y": 128,
		"root": false
	},
	"6b2g6mi76m85hlb1": {
		"definition": "health+10%",
		"x": 221.70250336881628,
		"y": 256,
		"root": false
	},
	"qoorzgcuogc8jel5": {
		"definition": "health+10%",
		"x": 258.6529205969523,
		"y": 320,
		"root": false
	},
	"tktvdobiqpcjgwy9": {
		"definition": "health+10%",
		"x": 332.55375505322445,
		"y": 320,
		"root": false
	},
	"yhfp5fzq74j1kus2": {
		"definition": "health+10%",
		"x": 369.50417228136047,
		"y": 256,
		"root": false
	},
	"7hhqhtga4riju27u": {
		"definition": "health+10%",
		"x": 406.4545895094965,
		"y": 192,
		"root": false
	},
	"q0t72gul6iisdy68": {
		"definition": "ranged_damage+12%",
		"x": 147.8016689125442,
		"y": 384,
		"root": false
	},
	"oj3htz1raemc56b4": {
		"definition": "ranged_damage+12%",
		"x": 221.70250336881628,
		"y": 384,
		"root": false
	},
	"lmlvaqaom82eq4ee": {
		"definition": "frost+12%",
		"x": 110.85125168440814,
		"y": -64,
		"root": true
	},
	"hv2hhpxjhu3wzyxb": {
		"definition": "stamina+8%",
		"x": 184.75208614068023,
		"y": -64,
		"root": false
	},
	"mup9n9yu2ibv09e1": {
		"definition": "fire+12%",
		"x": -73.9008344562721,
		"y": -128,
		"root": false
	},
	"z4x4z4iv2d9xgqvc": {
		"definition": "frost+12%",
		"x": 73.9008344562721,
		"y": -128,
		"root": false
	},
	"nmtuhu13hpj7mywg": {
		"definition": "fire+12%",
		"x": -73.9008344562721,
		"y": -256,
		"root": false
	},
	"ywyo2pxspmam9iiq": {
		"definition": "frost+12%",
		"x": 73.9008344562721,
		"y": -256,
		"root": false
	},
	"iw7e43wlg6hulqxb": {
		"definition": "fire+12%",
		"x": -258.6529205969523,
		"y": -320,
		"root": false
	},
	"cy0atnih7yz0iurm": {
		"definition": "fire+12%",
		"x": -221.70250336881628,
		"y": -384,
		"root": false
	},
	"hg8rhewbe9kfzcm6": {
		"definition": "frost+12%",
		"x": 221.70250336881628,
		"y": -384,
		"root": false
	},
	"2ojlw6zer0lrex7q": {
		"definition": "frost+12%",
		"x": 258.6529205969523,
		"y": -320,
		"root": false
	},
	"unvarqnsra0s2ea6": {
		"definition": "arcane+12%",
		"x": 0,
		"y": -256,
		"root": false
	},
	"mqfrll6uznczt47l": {
		"definition": "health+10%",
		"x": 0,
		"y": 256,
		"root": false
	},
	"fqe954y78ic9qk4d": {
		"definition": "melee_damage+12%",
		"x": -36.95041722813605,
		"y": 192,
		"root": false
	},
	"u0mz63rrnwuirgs5": {
		"definition": "ranged_damage+12%",
		"x": 36.95041722813605,
		"y": 192,
		"root": false
	},